{"proxies":{"ti.etracker.TiEtrackerModule":{"superPackageName":"org.appcelerator.kroll","methods":{"trackOrder":{"runOnUiThread":false,"hasInvocation":false,"args":[{"converter":"org.appcelerator.kroll.KrollConverter","defaultValueProvider":"org.appcelerator.kroll.KrollConverter","name":"obj","sourceName":"obj","type":"org.appcelerator.kroll.KrollDict"}],"apiName":"trackOrder","converter":"org.appcelerator.kroll.KrollConverter","defaultValueProvider":"org.appcelerator.kroll.KrollConverter","name":"__default_name__","returnType":"void"},"flush":{"runOnUiThread":false,"hasInvocation":false,"args":[],"apiName":"flush","converter":"org.appcelerator.kroll.KrollConverter","defaultValueProvider":"org.appcelerator.kroll.KrollConverter","name":"__default_name__","returnType":"void"},"trackUserDefined":{"runOnUiThread":false,"hasInvocation":false,"args":[{"converter":"org.appcelerator.kroll.KrollConverter","defaultValueProvider":"org.appcelerator.kroll.KrollConverter","name":"obj","sourceName":"obj","type":"org.appcelerator.kroll.KrollDict"}],"apiName":"trackUserDefined","converter":"org.appcelerator.kroll.KrollConverter","defaultValueProvider":"org.appcelerator.kroll.KrollConverter","name":"__default_name__","returnType":"void"},"getConsent":{"runOnUiThread":false,"hasInvocation":false,"args":[{"converter":"org.appcelerator.kroll.KrollConverter","defaultValueProvider":"org.appcelerator.kroll.KrollConverter","name":"obj","sourceName":"obj","type":"org.appcelerator.kroll.KrollDict"}],"apiName":"getConsent","converter":"org.appcelerator.kroll.KrollConverter","defaultValueProvider":"org.appcelerator.kroll.KrollConverter","name":"__default_name__","returnType":"void"},"denyTracking":{"runOnUiThread":false,"hasInvocation":false,"args":[],"apiName":"denyTracking","converter":"org.appcelerator.kroll.KrollConverter","defaultValueProvider":"org.appcelerator.kroll.KrollConverter","name":"__default_name__","returnType":"void"},"stopTracker":{"runOnUiThread":false,"hasInvocation":false,"args":[],"apiName":"stopTracker","converter":"org.appcelerator.kroll.KrollConverter","defaultValueProvider":"org.appcelerator.kroll.KrollConverter","name":"__default_name__","returnType":"void"},"startTracker":{"runOnUiThread":false,"hasInvocation":false,"args":[{"converter":"org.appcelerator.kroll.KrollConverter","defaultValueProvider":"org.appcelerator.kroll.KrollConverter","name":"obj","sourceName":"obj","type":"org.appcelerator.kroll.KrollDict"}],"apiName":"startTracker","converter":"org.appcelerator.kroll.KrollConverter","defaultValueProvider":"org.appcelerator.kroll.KrollConverter","name":"__default_name__","returnType":"void"},"getStatus":{"runOnUiThread":false,"hasInvocation":false,"args":[],"apiName":"getStatus","converter":"org.appcelerator.kroll.KrollConverter","defaultValueProvider":"org.appcelerator.kroll.KrollConverter","name":"__default_name__","returnType":"java.lang.String"},"trackScreenView":{"runOnUiThread":false,"hasInvocation":false,"args":[{"converter":"org.appcelerator.kroll.KrollConverter","defaultValueProvider":"org.appcelerator.kroll.KrollConverter","name":"obj","sourceName":"obj","type":"org.appcelerator.kroll.KrollDict"}],"apiName":"trackScreenView","converter":"org.appcelerator.kroll.KrollConverter","defaultValueProvider":"org.appcelerator.kroll.KrollConverter","name":"__default_name__","returnType":"void"},"allowTracking":{"runOnUiThread":false,"hasInvocation":false,"args":[],"apiName":"allowTracking","converter":"org.appcelerator.kroll.KrollConverter","defaultValueProvider":"org.appcelerator.kroll.KrollConverter","name":"__default_name__","returnType":"void"}},"superProxyBindingClassName":"org.appcelerator.kroll.KrollModuleBindingGen","proxyClassName":"TiEtrackerModule","proxyAttrs":{"propertyAccessors":[],"fullAPIName":"TiEtracker","name":"TiEtracker","proxyClassName":"ti.etracker.TiEtrackerModule","isTopLevel":false,"id":"ti.etracker"},"packageName":"ti.etracker","sourceName":"ti.etracker.TiEtrackerModuleBindingGen","isTitaniumSdk":false,"superProxyClassName":"KrollModule","isModule":true,"genClassName":"TiEtrackerModuleBindingGen","onAppCreate":"onAppCreate"},"ti.etracker.ExampleProxy":{"superPackageName":"org.appcelerator.titanium.proxy","methods":{"printMessage":{"runOnUiThread":false,"hasInvocation":false,"args":[{"converter":"org.appcelerator.kroll.KrollConverter","defaultValueProvider":"org.appcelerator.kroll.KrollConverter","name":"message","sourceName":"message","type":"java.lang.String"}],"apiName":"printMessage","converter":"org.appcelerator.kroll.KrollConverter","defaultValueProvider":"org.appcelerator.kroll.KrollConverter","name":"__default_name__","returnType":"void"},"getMessage":{"runOnUiThread":false,"hasInvocation":false,"args":[],"apiName":"getMessage","converter":"org.appcelerator.kroll.KrollConverter","defaultValueProvider":"org.appcelerator.kroll.KrollConverter","name":"__default_name__","returnType":"java.lang.String"},"setMessage":{"runOnUiThread":false,"hasInvocation":false,"args":[{"converter":"org.appcelerator.kroll.KrollConverter","defaultValueProvider":"org.appcelerator.kroll.KrollConverter","name":"message","sourceName":"message","type":"java.lang.String"}],"apiName":"setMessage","converter":"org.appcelerator.kroll.KrollConverter","defaultValueProvider":"org.appcelerator.kroll.KrollConverter","name":"__default_name__","returnType":"void"}},"dynamicProperties":{"message":{"set":true,"nativeConverter":"org.appcelerator.kroll.KrollConverter","getMethodName":"getMessage","setMethodName":"setMessage","setMethodArgs":[{"converter":"org.appcelerator.kroll.KrollConverter","defaultValueProvider":"org.appcelerator.kroll.KrollConverter","name":"message","sourceName":"message","type":"java.lang.String"}],"setDefaultProviders":["org.appcelerator.kroll.KrollConverter"],"converter":"org.appcelerator.kroll.KrollConverter","defaultValueProvider":"org.appcelerator.kroll.KrollConverter","retain":true,"javascriptConverter":"org.appcelerator.kroll.KrollConverter","getHasInvocation":false,"runOnUiThread":false,"getMethodArgs":[],"getReturnType":"java.lang.String","setReturnType":"void","get":true,"name":"message","setHasInvocation":false,"getDefaultProviders":[]}},"superProxyBindingClassName":"org.appcelerator.titanium.proxy.TiViewProxyBindingGen","proxyClassName":"ExampleProxy","proxyAttrs":{"propertyAccessors":[],"fullAPIName":"TiEtracker.Example","name":"Example","proxyClassName":"ti.etracker.ExampleProxy","isTopLevel":false,"id":"ti.etracker.ExampleProxy","creatableInModule":"ti.etracker.TiEtrackerModule","parentModule":"org.appcelerator.kroll.annotations.Kroll.DEFAULT"},"packageName":"ti.etracker","sourceName":"ti.etracker.ExampleProxyBindingGen","isTitaniumSdk":false,"superProxyClassName":"TiViewProxy","isModule":false,"genClassName":"ExampleProxyBindingGen"}},"modules":{"ti.etracker.TiEtrackerModule":{"apiName":"TiEtracker","createProxies":[{"propertyAccessors":[],"fullAPIName":"TiEtracker.Example","name":"Example","proxyClassName":"ti.etracker.ExampleProxy","isTopLevel":false,"id":"ti.etracker.ExampleProxy","creatableInModule":"ti.etracker.TiEtrackerModule","parentModule":"org.appcelerator.kroll.annotations.Kroll.DEFAULT"}]}}}